Passage Number	Pro	All	Proportion of Pro	SE
1	1	48	0.0208333333333	0.0206151772344
2	6	29	0.206896551724	0.0752215964515
3	27	73	0.369863013699	0.0565036506029
4	13	34	0.382352941176	0.0833418138028
5	12	32	0.375	0.0855816496102
6	4	9	0.444444444444	0.165634665
7	1	3	0.333333333333	0.272165526976
